# Contexto	nome freedesktop	ícone Lucide
# Cada nome vira <nome>.svg (colorido) e <nome>-symbolic.svg (o GTK recolore).
# Com a 4ª coluna "simbólico", só a versão -symbolic: as pastas grandes (do
# Nautilus) continuam as vermelhas do Papirus-Tela-Red.
# "pasta+ícone" compõe a pasta com o ícone pequeno dentro (o Lucide não tem
# pastas de Música, Imagens etc.).
# O que não está aqui vem do tema herdado (Papirus-Tela-Red), como os apps de
# terceiros, que mantêm a marca.

places	folder	folder	simbólico
places	inode-directory	folder	simbólico
places	folder-open	folder-open	simbólico
places	folder-documents	folder+file-text	simbólico
places	folder-download	folder-down	simbólico
places	folder-music	folder+music	simbólico
places	folder-pictures	folder+image	simbólico
places	folder-videos	folder+film	simbólico
places	folder-publicshare	folder+share-2	simbólico
places	folder-templates	folder+layout-template	simbólico
places	folder-remote	folder+globe	simbólico
places	folder-desktop	folder+monitor	simbólico
places	user-desktop	folder+monitor	simbólico
places	user-home	house	simbólico
places	folder-home	house	simbólico
places	user-trash	trash-2	simbólico
places	user-trash-full	trash-2	simbólico
places	user-bookmarks	bookmark	simbólico
places	network-workgroup	network
places	network-server	server
places	start-here	infinity
places	folder-recent	history	simbólico

actions	go-previous	chevron-left
actions	go-next	chevron-right
actions	go-up	chevron-up
actions	go-down	chevron-down
actions	go-home	house
actions	go-first	chevrons-left
actions	go-last	chevrons-right
actions	go-top	arrow-up-to-line
actions	go-bottom	arrow-down-to-line
actions	pan-start	chevron-left
actions	pan-end	chevron-right
actions	pan-up	chevron-up
actions	pan-down	chevron-down
actions	list-add	plus
actions	list-remove	minus
actions	list-remove-all	list-x
actions	edit-copy	copy
actions	edit-cut	scissors
actions	edit-paste	clipboard-paste
actions	edit-delete	trash-2
actions	edit-find	search
actions	edit-find-replace	replace
actions	edit-undo	undo-2
actions	edit-redo	redo-2
actions	edit-clear	delete
actions	edit-clear-all	brush-cleaning
actions	edit-select-all	square-dashed-mouse-pointer
actions	document-new	file-plus
actions	document-open	folder-open
actions	document-open-recent	history
actions	document-save	save
actions	document-save-as	save-all
actions	document-print	printer
actions	document-print-preview	scan-eye
actions	document-properties	file-cog
actions	document-edit	pencil
actions	document-send	send
actions	document-export	file-output
actions	document-import	file-input
actions	view-refresh	refresh-cw
actions	view-reload	refresh-cw
actions	view-list	list
actions	view-list-bullet	list
actions	view-grid	layout-grid
actions	view-app-grid	layout-grid
actions	view-more	ellipsis
actions	view-more-horizontal	ellipsis
actions	view-sort-ascending	arrow-down-a-z
actions	view-sort-descending	arrow-down-z-a
actions	view-fullscreen	maximize
actions	view-restore	minimize
actions	view-reveal	eye
actions	view-conceal	eye-off
actions	view-pin	pin
actions	sidebar-show	panel-left
actions	open-menu	menu
actions	application-menu	menu
actions	window-close	x
actions	window-maximize	maximize-2
actions	window-minimize	minus
actions	window-restore	minimize-2
actions	window-new	app-window
actions	tab-new	square-plus
actions	application-exit	log-out
actions	system-shutdown	power
actions	system-reboot	rotate-ccw
actions	system-restart	rotate-ccw
actions	system-lock-screen	lock
actions	system-log-out	log-out
actions	system-suspend	moon
actions	system-hibernate	moon-star
actions	system-search	search
actions	system-run	terminal
actions	zoom-in	zoom-in
actions	zoom-out	zoom-out
actions	zoom-original	search
actions	zoom-fit-best	scan
actions	media-playback-start	play
actions	media-playback-pause	pause
actions	media-playback-stop	square
actions	media-skip-forward	skip-forward
actions	media-skip-backward	skip-back
actions	media-seek-forward	fast-forward
actions	media-seek-backward	rewind
actions	media-record	circle-dot
actions	media-eject	disc
actions	media-playlist-shuffle	shuffle
actions	media-playlist-repeat	repeat
actions	mail-send	send
actions	mail-reply-sender	reply
actions	mail-forward	forward
actions	mail-mark-important	flag
actions	mail-attachment	paperclip
actions	process-stop	octagon-x
actions	bookmark-new	bookmark-plus
actions	object-select	check
actions	object-rotate-left	rotate-ccw-square
actions	object-rotate-right	rotate-cw-square
actions	object-flip-horizontal	flip-horizontal-2
actions	object-flip-vertical	flip-vertical-2
actions	format-text-bold	bold
actions	format-text-italic	italic
actions	format-text-underline	underline
actions	format-text-strikethrough	strikethrough
actions	format-justify-left	align-left
actions	format-justify-center	align-center
actions	format-justify-right	align-right
actions	format-justify-fill	align-justify
actions	insert-image	image-plus
actions	insert-link	link
actions	insert-text	type
actions	call-start	phone
actions	call-stop	phone-off
actions	help-about	info
actions	help-contents	book-open
actions	help-faq	circle-help
actions	send-to	share
actions	emblem-shared	share-2
actions	content-loading	loader-circle
actions	selection-mode	square-check
actions	star-new	star

status	dialog-information	info
status	dialog-warning	triangle-alert
status	dialog-error	circle-x
status	dialog-question	circle-help
status	dialog-password	key-round
status	security-high	shield-check
status	security-medium	shield
status	security-low	shield-alert
status	changes-prevent	lock
status	changes-allow	lock-open
status	starred	star
status	non-starred	star-off
status	emblem-favorite	heart
status	emblem-important	circle-alert
status	emblem-ok	circle-check
status	emblem-default	circle-check
status	emblem-synchronizing	refresh-cw
status	emblem-system	settings
status	emblem-documents	files
status	emblem-photos	images
status	emblem-music	music
status	emblem-videos	film
status	emblem-web	globe
status	network-wireless	wifi
status	network-wireless-signal-excellent	wifi
status	network-wireless-signal-good	wifi
status	network-wireless-signal-ok	wifi-high
status	network-wireless-signal-weak	wifi-low
status	network-wireless-signal-none	wifi-zero
status	network-wireless-offline	wifi-off
status	network-wireless-disconnected	wifi-off
status	network-wireless-acquiring	wifi-sync
status	network-wireless-connected	wifi
status	network-wireless-encrypted	wifi-cog
status	network-wired	ethernet-port
status	network-wired-disconnected	unplug
status	network-offline	globe-x
status	network-transmit-receive	arrow-down-up
status	network-vpn	shield-ellipsis
status	airplane-mode	plane
status	bluetooth-active	bluetooth
status	bluetooth-disabled	bluetooth-off
status	bluetooth-disconnected	bluetooth-off
status	audio-volume-high	volume-2
status	audio-volume-medium	volume-1
status	audio-volume-low	volume
status	audio-volume-muted	volume-x
status	audio-volume-overamplified	volume-2
status	microphone-sensitivity-high	mic
status	microphone-sensitivity-muted	mic-off
status	microphone-disabled	mic-off
status	battery	battery
status	battery-full	battery-full
status	battery-good	battery-medium
status	battery-medium	battery-medium
status	battery-low	battery-low
status	battery-caution	battery-warning
status	battery-empty	battery
status	battery-missing	battery-warning
status	battery-full-charging	battery-charging
status	battery-good-charging	battery-charging
status	battery-low-charging	battery-charging
status	battery-full-charged	battery-full
status	display-brightness	sun
status	night-light	moon
status	weather-clear	sun
status	weather-clear-night	moon
status	weather-few-clouds	cloud-sun
status	weather-few-clouds-night	cloud-moon
status	weather-overcast	cloud
status	weather-showers	cloud-rain
status	weather-showers-scattered	cloud-drizzle
status	weather-snow	cloud-snow
status	weather-storm	cloud-lightning
status	weather-fog	cloud-fog
status	weather-windy	wind
status	notifications	bell
status	notifications-disabled	bell-off
status	preferences-system-notifications	bell
status	user-available	circle-check
status	user-away	clock
status	user-busy	circle-minus
status	user-offline	circle
status	user-idle	clock
status	image-missing	image-off
status	printer-error	printer
status	mail-unread	mail
status	mail-read	mail-open
status	appointment-soon	calendar-clock
status	alarm	alarm-clock
status	task-due	calendar-check
status	software-update-available	package-plus
status	software-update-urgent	package-plus
status	system-software-update	package-check
status	keyboard-brightness	keyboard
status	media-playlist-consecutive	list-music
status	view-wrapped	wrap-text

devices	computer	monitor
devices	computer-laptop	laptop
devices	video-display	monitor
devices	display	monitor
devices	drive-harddisk	hard-drive
devices	drive-harddisk-solidstate	hard-drive
devices	drive-removable-media	usb
devices	drive-removable-media-usb	usb
devices	media-removable	usb
devices	media-flash	memory-stick
devices	media-optical	disc-3
devices	drive-optical	disc-3
devices	printer	printer
devices	scanner	scan-line
devices	input-keyboard	keyboard
devices	input-mouse	mouse
devices	input-touchpad	square-mouse-pointer
devices	input-gaming	gamepad-2
devices	input-tablet	tablet
devices	audio-card	audio-lines
devices	audio-speakers	speaker
devices	audio-headphones	headphones
devices	audio-headset	headset
devices	audio-input-microphone	mic
devices	camera-photo	camera
devices	camera-web	webcam
devices	camera-video	video
devices	phone	smartphone
devices	smartphone	smartphone
devices	multimedia-player	music-4
devices	network-wireless-hotspot	router
devices	modem	router
devices	battery	battery
devices	bluetooth	bluetooth
devices	cpu	cpu
devices	memory	memory-stick

mimetypes	text-x-generic	file-text
mimetypes	text-plain	file-text
mimetypes	text-x-script	file-code
mimetypes	text-x-source	file-code
mimetypes	text-x-python	file-code
mimetypes	text-x-csrc	file-code
mimetypes	text-x-java	file-code
mimetypes	text-html	file-code
mimetypes	text-css	file-code
mimetypes	text-markdown	file-text
mimetypes	application-json	file-json
mimetypes	application-javascript	file-code
mimetypes	application-x-shellscript	file-terminal
mimetypes	application-x-executable	file-cog
mimetypes	application-x-sharedlib	file-cog
mimetypes	application-pdf	file-text
mimetypes	application-x-generic	file
mimetypes	application-octet-stream	file
mimetypes	unknown	file-question-mark
mimetypes	empty	file
mimetypes	image-x-generic	file-image
mimetypes	image-png	file-image
mimetypes	image-jpeg	file-image
mimetypes	image-svg+xml	file-image
mimetypes	video-x-generic	file-video-camera
mimetypes	audio-x-generic	file-music
mimetypes	font-x-generic	file-type
mimetypes	package-x-generic	package
mimetypes	application-x-archive	file-archive
mimetypes	application-zip	file-archive
mimetypes	application-x-compressed-tar	file-archive
mimetypes	application-x-rpm	package
mimetypes	application-x-iso9660-image	disc-3
mimetypes	x-office-document	file-text
mimetypes	x-office-spreadsheet	file-spreadsheet
mimetypes	x-office-presentation	presentation
mimetypes	x-office-drawing	file-pen
mimetypes	x-office-calendar	calendar
mimetypes	x-office-address-book	contact
mimetypes	text-calendar	calendar
mimetypes	text-x-log	file-clock
mimetypes	application-x-desktop	app-window
mimetypes	application-x-addon	puzzle

categories	applications-accessories	pencil-ruler
categories	applications-utilities	wrench
categories	applications-development	code
categories	applications-engineering	drafting-compass
categories	applications-education	graduation-cap
categories	applications-games	gamepad-2
categories	applications-graphics	palette
categories	applications-internet	globe
categories	applications-multimedia	clapperboard
categories	applications-office	briefcase
categories	applications-other	shapes
categories	applications-science	flask-conical
categories	applications-system	cpu
categories	preferences-system	settings
categories	preferences-desktop	sliders-horizontal
categories	preferences-other	sliders-horizontal
categories	preferences-desktop-appearance	palette
categories	preferences-desktop-theme	palette
categories	preferences-desktop-wallpaper	wallpaper
categories	preferences-desktop-keyboard	keyboard
categories	preferences-desktop-keyboard-shortcuts	keyboard
categories	preferences-desktop-locale	languages
categories	preferences-desktop-font	type
categories	preferences-desktop-display	monitor
categories	preferences-system-network	network
categories	preferences-system-privacy	shield
categories	preferences-color	pipette
categories	system-file-manager	folder
categories	help-browser	circle-help
categories	accessories-text-editor	file-pen-line
categories	accessories-calculator	calculator
categories	accessories-character-map	whole-word
categories	accessories-dictionary	book-a
categories	accessories-screenshot	camera
categories	utilities-terminal	square-terminal
categories	utilities-system-monitor	activity
categories	system-users	users
categories	user-info	user

apps	org.gnome.Nautilus	folder
apps	nautilus	folder
apps	org.gnome.TextEditor	file-pen-line
apps	org.gnome.Evince	book-open-text
apps	org.gnome.DiskUtility	hard-drive
apps	gnome-disks	hard-drive
apps	org.gnome.Boxes	boxes
apps	org.gnome.Calculator	calculator
apps	org.gnome.Loupe	image
apps	org.gnome.FileRoller	file-archive
apps	org.gnome.Settings	settings
apps	org.pulseaudio.pavucontrol	audio-lines
apps	pavucontrol	audio-lines
apps	btop	activity
apps	htop	gauge
apps	kitty	square-terminal
apps	com.mitchellh.ghostty	square-terminal
apps	Alacritty	square-terminal
apps	foot	square-terminal
apps	nvim	file-code
apps	nwg-displays	monitor-cog
apps	nwg-look	palette
apps	nwg-panel	panel-top
apps	firewall-config	brick-wall-fire
apps	im-chooser	keyboard
apps	setroubleshoot_icon	shield-alert
apps	org.freedesktop.GnomeAbrt	bug
apps	org.fedoraproject.MediaWriter	usb
apps	system-software-install	package-plus
apps	preferences-desktop-theme	palette
