# Glifo Nerd Font (codepoint)	ícone Lucide	nome na Nerd Font	[escala, opcional]
# make-shell-font troca esses glifos pelo desenho do Lucide numa cópia da fonte
# monospace que só o Quickshell usa (barra, painéis, menus). Logos de marcas e
# de linguagens ficam de fora, como os glifos da fonte omarchy (E900…).
# "extra:<id>" usa fedora/doxia/lucide/extra/<id>.svg: logos no estilo do
# Lucide, do Tabler Icons (o Spotify sólido destoava).
E302	cloud-sun	weather-day_cloudy
E308	cloud-sun-rain	weather-day_rain
E30A	cloud-snow	weather-day_snow
E30D	sun	weather-day_sunny
E313	cloud-fog	weather-fog
E318	cloud-rain	weather-rain
E31A	snowflake	weather-snow
E31D	cloud-lightning	weather-thunderstorm
E327	cloud-snow	weather-night_alt_snow
E32B	moon	weather-night_clear
E32E	cloud-moon	weather-night_cloudy
E333	cloud-moon-rain	weather-night_rain
E33D	cloud	weather-cloud
E346	cloud-fog	weather-night_fog
E383	clock-2	weather-time_2
E3AD	cloud-hail	weather-sleet
E615	settings-2	seti-config
E638	audio-lines	seti-audio
E659	type	seti-font
E795	square-terminal	dev-terminal
EA74	info	cod-info
EA78	monitor-down	cod-desktop_download
EA7B	file	cod-file
EB01	globe	cod-globe
EB11	key-round	cod-key
EBA2	server-cog	cod-server_process
EBCF	wand-sparkles	cod-wand
EC12	mic	cod-mic
EC19	cpu	cod-chip
EEE8	volume-x	fa-volume_xmark
EF70	wrench	fa-screwdriver_wrench
EFBA	mouse	fa-computer_mouse
F004	heart	fa-heart
F005	star	fa-star
F00C	check	fa-check
F00D	x	fa-close
F011	power	fa-power_off
F013	settings	fa-cog
F021	refresh-cw	fa-arrows_rotate
F023	lock	fa-lock
F026	volume	fa-volume_off
F027	volume-1	fa-volume_down
F028	volume-2	fa-volume_high
F02D	book	fa-book
F030	camera	fa-camera
F03A	list	fa-list
F03D	video	fa-video
F03E	image	fa-image
F040	pencil	fa-pencil
F041	map-pin	fa-location_pin
F044	square-pen	fa-edit
F047	move	fa-arrows
F053	chevron-left	fa-chevron_left
F06E	eye	fa-eye
F071	triangle-alert	fa-exclamation_triangle
F07F	clipboard	fa-clipboard_alt
F086	messages-square	fa-comments
F08D	pin	fa-thumb_tack
F0AC	globe	fa-globe
F0DB	columns-2	fa-columns
F0E0	mail	fa-envelope
F114	folder	fa-folder_o
F118	smile	fa-face_smile
F11B	gamepad-2	fa-gamepad
F11C	keyboard	fa-keyboard
F120	terminal	fa-terminal
F121	code	fa-code
F126	git-branch	fa-code_branch
F15C	file-text	fa-file_lines
F187	archive	fa-archive
F1B2	box	fa-cube
F1BC	extra:tabler-brand-spotify	fa-spotify	1.2
F2D0	app-window	fa-window_maximize
F405	book-open	oct-book
F46A	refresh-cw	oct-sync
F487	package	oct-package
F488	app-window	oct-browser
F489	square-terminal	oct-terminal
F50E	share	oct-share
F003B	layout-grid	md-apps
F0045	arrow-down	md-arrow_down
F004D	arrow-left	md-arrow_left
F0054	arrow-right	md-arrow_right
F005D	arrow-up	md-arrow_up
F0079	battery-full	md-battery
F007A	battery-warning	md-battery_10
F007B	battery-low	md-battery_20
F007C	battery-low	md-battery_30
F007D	battery-medium	md-battery_40
F007E	battery-medium	md-battery_50
F007F	battery-medium	md-battery_60
F0080	battery-full	md-battery_70
F0081	battery-full	md-battery_80
F0082	battery-full	md-battery_90
F0084	battery-charging	md-battery_charging
F0085	battery-charging	md-battery_charging_100
F0086	battery-charging	md-battery_charging_20
F0087	battery-charging	md-battery_charging_30
F0088	battery-charging	md-battery_charging_40
F0089	battery-charging	md-battery_charging_60
F008A	battery-charging	md-battery_charging_80
F008B	battery-charging	md-battery_charging_90
F089C	battery-charging	md-battery_charging_10
F089D	battery-charging	md-battery_charging_50
F089E	battery-charging	md-battery_charging_70
F009A	bell	md-bell
F009B	bell-off	md-bell_off
F00AF	bluetooth	md-bluetooth
F00B1	bluetooth-connected	md-bluetooth_connect
F00B2	bluetooth-off	md-bluetooth_off
F00B5	droplets	md-blur
F00C9	paintbrush	md-border_color
F00ED	calendar	md-calendar
F0100	camera	md-camera
F012C	check	md-check
F0140	chevron-down	md-chevron_down
F0141	chevron-left	md-chevron_left
F0142	chevron-right	md-chevron_right
F014C	clipboard	md-clipboard_outline
F0156	x	md-close
F0159	circle-x	md-close_circle
F015F	cloud	md-cloud
F0176	coffee	md-coffee
F018D	square-terminal	md-console
F018F	copy	md-content_copy
F01B4	trash-2	md-delete
F01BD	mouse-pointer-2	md-cursor_pointer
F01C5	pc-case	md-desktop_tower
F01D6	server	md-dns
F0209	eye-off	md-eye_off
F0214	file	md-file
F0219	file-text	md-file_document
F022B	file-video-camera	md-file_video
F0237	fingerprint	md-fingerprint
F0241	extra:lucide-zap-filled	md-flash
F0249	save	md-floppy
F029A	gauge	md-gauge
F02CA	hard-drive	md-harddisk
F02CB	headphones	md-headphones
F02D1	heart	md-heart
F02E9	image	md-image
F030B	key-round	md-key_variant
F030C	keyboard	md-keyboard
F032A	leaf	md-leaf
F033E	lock	md-lock
F0343	log-out	md-logout
F035C	menu	md-menu
F036C	mic	md-microphone
F036D	mic-off	md-microphone_off
F0379	monitor	md-monitor
F037A	monitor-smartphone	md-monitor_multiple
F03CC	external-link	md-open_in_new
F03D3	package	md-package
F03D6	package-open	md-package_variant
F03D7	package	md-package_variant_closed
F03E4	pause	md-pause
F03EB	pencil	md-pencil
F040A	play	md-play
F0415	plus	md-plus
F0425	power	md-power
F0431	puzzle	md-puzzle
F0432	qr-code	md-qrcode
F044A	circle-dot	md-record
F0450	refresh-cw	md-refresh
F0453	rotate-cw	md-reload
F0456	repeat	md-repeat
F0458	repeat-1	md-repeat_once
F0483	shield	md-security
F048A	send	md-send
F048B	server	md-server
F0493	settings	md-cog
F049D	shuffle	md-shuffle
F04AD	skip-forward	md-skip_next
F04AE	skip-back	md-skip_previous
F04B2	moon	md-sleep
F04C3	speaker	md-speaker
F04C5	gauge	md-speedometer
F04C7	extra:tabler-brand-spotify	md-spotify	1.2
F04DB	square	md-stop
F050E	sun-moon	md-theme_light_dark
F051F	hourglass	md-timer_sand
F052B	traffic-cone	md-traffic_light
F057E	volume-2	md-volume_high
F057F	volume-1	md-volume_low
F0582	shield-ellipsis	md-vpn
F059F	globe	md-web
F05A9	wifi	md-wifi
F062C	git-branch	md-source_branch
F06A9	bot	md-robot
F06C4	asterisk	md-asterisk
F06E4	infinity	md-infinity
F06E7	laptop-minimal	md-laptop_off
F06F3	network	md-network
F0709	rotate-ccw	md-restart
F0741	pointer	md-gesture_tap
F075A	music	md-music
F075F	volume-x	md-volume_mute
F0785	sticker	md-sticker_emoji
F07C0	monitor	md-desktop_classic
F07F5	rectangle-ellipsis	md-form_textbox_password
F07F8	square-mouse-pointer	md-trackpad
F088C	bell-ring	md-reminder
F08B9	monitor-cloud	md-remote_desktop
F08C0	terminal	md-ssh
F0901	power	md-power_cycle
F091F	wifi-zero	md-wifi_strength_1
F0922	wifi-low	md-wifi_strength_2
F0925	wifi-high	md-wifi_strength_3
F0928	wifi	md-wifi_strength_4
F092E	wifi-off	md-wifi_strength_off_outline
F092F	wifi-zero	md-wifi_strength_outline
F0966	file-down	md-file_download_outline
F0996	clock-alert	md-progress_clock
F099D	shield-check	md-shield_lock
F09D1	brain	md-brain
F09F8	images	md-image_move
F0A5F	map-pin	md-ip
F0AE2	sparkle	md-star_four_points
F0B4C	x-square	md-tab_remove
F0B79	message-circle	md-chat
F0BC9	ghost	md-space_invaders
F0D11	text-cursor-input	md-format_textbox
F0E0C	palette	md-palette_outline
F0EC2	circle-dot	md-record_circle
F10AC	app-window	md-dock_window
F1104	monitor-dot	md-monitor_shimmer
F11E2	router	md-router
F11F1	cloud-cog	md-cloud_lock
F1322	hammer	md-hammer_screwdriver
F140B	zap	md-lightning_bolt
F14DE	rocket	md-rocket_launch
F14DF	rocket	md-rocket_launch_outline
F16A1	bot-off	md-robot_dead
F16A3	bot	md-robot_excited
F16A4	bot	md-robot_excited_outline
F16BE	wifi-cog	md-wifi_cog
F18F4	scan	md-fit_to_screen
